t,size,num_tokens,accuracy,cross_entropy,l2_distance
0,256,12800000,0.002075,9.263049,1.515902
1,256,12800000,0.391927,2.908630,0.372692
2,256,12800000,0.380207,2.960920,0.381303
3,256,12800000,0.368612,3.012904,0.389881
4,256,12800000,0.357384,3.065190,0.398329
5,256,12800000,0.346247,3.117257,0.406894
6,256,12800000,0.335263,3.169662,0.415508
7,256,12800000,0.324568,3.222288,0.424020
8,256,12800000,0.313974,3.275390,0.432604
9,256,12800000,0.303774,3.328448,0.441084
10,256,12800000,0.293625,3.381439,0.449700
11,256,12800000,0.284033,3.434995,0.458010
12,256,12800000,0.274525,3.488471,0.466459
13,256,12800000,0.265285,3.542433,0.474811
14,256,12800000,0.256305,3.596361,0.483190
15,256,12800000,0.247667,3.650227,0.491486
16,256,12800000,0.239237,3.704787,0.499739
17,256,12800000,0.230960,3.759494,0.508026
18,256,12800000,0.223011,3.813979,0.516264
19,256,12800000,0.215349,3.868661,0.524389
20,256,12800000,0.207938,3.923293,0.532493
21,256,12800000,0.200909,3.977685,0.540584
22,256,12800000,0.194095,4.032020,0.548529
23,256,12800000,0.187548,4.086608,0.556397
24,256,12800000,0.181214,4.140905,0.564304
25,256,12800000,0.175210,4.194653,0.572115
26,256,12800000,0.169394,4.248888,0.579724
27,256,12800000,0.163732,4.302957,0.587363
28,256,12800000,0.158268,4.356249,0.595133
29,256,12800000,0.153038,4.409293,0.602645
30,256,12800000,0.148072,4.461562,0.610044
31,256,12800000,0.143366,4.513691,0.617327
32,256,12800000,0.138896,4.565286,0.624519
33,256,12800000,0.134403,4.616329,0.631904
34,256,12800000,0.130287,4.666556,0.638862
35,256,12800000,0.126324,4.715999,0.645877
36,256,12800000,0.122498,4.765086,0.652742
37,256,12800000,0.118865,4.813743,0.659683
38,256,12800000,0.115353,4.860807,0.666339
39,256,12800000,0.111985,4.908530,0.672927
40,256,12800000,0.108778,4.954034,0.679727
41,256,12800000,0.105677,5.000706,0.686058
42,256,12800000,0.102799,5.045326,0.692497
43,256,12800000,0.099967,5.091108,0.698873
44,256,12800000,0.097231,5.136426,0.705200
45,256,12800000,0.094569,5.179948,0.711710
46,256,12800000,0.091960,5.225116,0.717940
47,256,12800000,0.089498,5.269350,0.724288
48,256,12800000,0.087147,5.314129,0.730563
49,256,12800000,0.084695,5.359198,0.736977
50,256,12800000,0.082382,5.403717,0.743395
51,256,12800000,0.080170,5.447310,0.749782
52,256,12800000,0.077931,5.492387,0.756280
53,256,12800000,0.075868,5.536927,0.762682
54,256,12800000,0.073823,5.582136,0.769085
55,256,12800000,0.071803,5.627083,0.775638
56,256,12800000,0.069841,5.673799,0.782401
57,256,12800000,0.067843,5.720110,0.789410
58,256,12800000,0.065975,5.766441,0.796051
59,256,12800000,0.064032,5.814154,0.803142
60,256,12800000,0.062175,5.862282,0.810281
61,256,12800000,0.060379,5.910326,0.817415
62,256,12800000,0.058579,5.959675,0.824773
63,256,12800000,0.056856,6.009416,0.831981
64,256,12800000,0.055093,6.059490,0.839698
65,256,12800000,0.053315,6.111633,0.847368
66,256,12800000,0.051655,6.163010,0.855071
67,256,12800000,0.049879,6.216279,0.863207
68,256,12800000,0.048221,6.269935,0.871464
69,256,12800000,0.046738,6.322876,0.879632
70,256,12800000,0.045088,6.377803,0.888080
71,256,12800000,0.043550,6.432795,0.896702
72,256,12800000,0.041979,6.489981,0.905704
73,256,12800000,0.040414,6.548067,0.914680
74,256,12800000,0.038910,6.606019,0.923870
75,256,12800000,0.037460,6.665892,0.933338
76,256,12800000,0.036095,6.726491,0.942717
77,256,12800000,0.034584,6.786930,0.952532
78,256,12800000,0.033255,6.847274,0.962483
79,256,12800000,0.031864,6.909889,0.972870
80,256,12800000,0.030556,6.972111,0.982987
81,256,12800000,0.029293,7.033987,0.993173
82,256,12800000,0.028029,7.097121,1.004101
83,256,12800000,0.026881,7.159928,1.014297
84,256,12800000,0.025754,7.222337,1.025044
85,256,12800000,0.024666,7.284120,1.035822
86,256,12800000,0.023660,7.345922,1.046445
87,256,12800000,0.022662,7.407528,1.057194
88,256,12800000,0.021654,7.468965,1.068208
89,256,12800000,0.020753,7.528365,1.079043
90,128,3200000,0.033244,6.760656,0.959037
91,128,3200000,0.031865,6.818252,0.968794
92,128,3200000,0.030613,6.877027,0.978307
93,128,3200000,0.029303,6.936599,0.988528
94,128,3200000,0.028060,6.996481,0.998440
95,128,3200000,0.026872,7.057370,1.008611
96,128,3200000,0.025717,7.118105,1.019025
97,128,3200000,0.024603,7.179337,1.030092
98,128,3200000,0.023375,7.241856,1.041014
99,128,3200000,0.022422,7.303345,1.051546
100,128,3200000,0.021382,7.365641,1.062819
101,128,3200000,0.020394,7.429134,1.073771
102,128,3200000,0.019431,7.490237,1.084993
103,128,3200000,0.018606,7.550682,1.095761
104,128,3200000,0.017727,7.611769,1.106999
105,128,3200000,0.016932,7.670574,1.117789
106,128,3200000,0.016049,7.731982,1.129428
107,128,3200000,0.015300,7.789442,1.140242
108,128,3200000,0.014584,7.846760,1.151335
109,128,3200000,0.013954,7.903984,1.161888
110,128,3200000,0.013347,7.959674,1.172917
111,128,3200000,0.012705,8.013127,1.183455
112,128,3200000,0.012147,8.065079,1.194223
113,128,3200000,0.011587,8.113974,1.203821
114,128,3200000,0.011178,8.162859,1.213651
115,128,3200000,0.010702,8.210388,1.223403
116,128,3200000,0.010246,8.256523,1.233298
117,128,3200000,0.009871,8.299590,1.242436
118,128,3200000,0.009408,8.341566,1.251843
119,128,3200000,0.008982,8.383012,1.261051
120,64,800000,0.014244,7.785050,1.152977
121,64,800000,0.013634,7.837632,1.162694
122,64,800000,0.012945,7.888811,1.171717
123,64,800000,0.012250,7.941463,1.181984
124,64,800000,0.011671,7.990249,1.191462
125,64,800000,0.011164,8.039578,1.200274
126,64,800000,0.010614,8.091291,1.210724
127,64,800000,0.010240,8.136683,1.219180
128,64,800000,0.009776,8.181892,1.228669
129,64,800000,0.009419,8.227869,1.237564
130,64,800000,0.008842,8.271519,1.246781
131,64,800000,0.008409,8.316756,1.255841
132,64,800000,0.007999,8.356646,1.264158
133,64,800000,0.007676,8.395883,1.272906
134,64,800000,0.007265,8.435816,1.281298
135,64,800000,0.007047,8.471730,1.288136
136,64,800000,0.006735,8.508180,1.296209
137,64,800000,0.006385,8.543916,1.303838
138,64,800000,0.006199,8.576431,1.311481
139,64,800000,0.005914,8.607219,1.317862
140,64,800000,0.005771,8.635361,1.324829
141,64,800000,0.005582,8.664172,1.331705
142,64,800000,0.005293,8.691211,1.337862
143,64,800000,0.005095,8.716889,1.344005
144,64,800000,0.004921,8.739735,1.349697
145,64,800000,0.004823,8.761348,1.354988
146,64,800000,0.004618,8.784491,1.361100
147,64,800000,0.004504,8.805077,1.366353
148,64,800000,0.004296,8.826578,1.371905
149,64,800000,0.004100,8.849536,1.377518
150,32,200000,0.005970,8.524964,1.349911
151,32,200000,0.005720,8.565954,1.359061
152,32,200000,0.005515,8.605863,1.367477
153,32,200000,0.005165,8.643360,1.376066
154,32,200000,0.004925,8.679542,1.383044
155,32,200000,0.004690,8.710573,1.390483
156,32,200000,0.004500,8.739008,1.397326
157,32,200000,0.004280,8.770330,1.403695
158,32,200000,0.004120,8.795120,1.408585
159,32,200000,0.003945,8.819637,1.414664
160,32,200000,0.003820,8.840499,1.420009
161,32,200000,0.003710,8.856101,1.424215
162,32,200000,0.003585,8.872189,1.428198
163,32,200000,0.003505,8.885026,1.431911
164,32,200000,0.003415,8.897303,1.434478
165,32,200000,0.003390,8.906238,1.437162
166,32,200000,0.003290,8.910232,1.438556
167,32,200000,0.003265,8.912891,1.440569
168,32,200000,0.003270,8.917069,1.441368
169,32,200000,0.003220,8.920851,1.441816
170,32,200000,0.003250,8.921565,1.442417
171,32,200000,0.003170,8.921000,1.442751
172,32,200000,0.003185,8.922854,1.443211
173,32,200000,0.003235,8.922488,1.443420
174,32,200000,0.003165,8.924043,1.443581
175,32,200000,0.003170,8.923615,1.443585
176,32,200000,0.003195,8.922830,1.443528
177,32,200000,0.003185,8.921820,1.443648
178,32,200000,0.003200,8.923817,1.443693
179,32,200000,0.003160,8.923711,1.443856
180,16,50000,0.001000,8.878557,1.722915
181,16,50000,0.001000,8.878557,1.722915
182,16,50000,0.001000,8.878557,1.722915
183,16,50000,0.001000,8.878557,1.722915
184,16,50000,0.001000,8.878557,1.722915
185,16,50000,0.001000,8.878557,1.722915
186,16,50000,0.001000,8.878557,1.722915
187,16,50000,0.001000,8.878557,1.722915
188,16,50000,0.001000,8.878557,1.722915
189,16,50000,0.001000,8.878557,1.722915
190,16,50000,0.001000,8.878557,1.722915
191,16,50000,0.001000,8.878557,1.722915
192,16,50000,0.001000,8.878557,1.722915
193,16,50000,0.001000,8.878557,1.722915
194,16,50000,0.001000,8.878557,1.722915
195,16,50000,0.001000,8.878557,1.722915
196,16,50000,0.001000,8.878557,1.722915
197,16,50000,0.001000,8.878557,1.722915
198,16,50000,0.001000,8.878557,1.722915
199,16,50000,0.008060,7.843214,1.195795
